"Step","MAPE"
1,0.117460386660888
2,0.130262334468895
3,0.0935688734540469
4,0.115917772880337
5,0.118276181612692
6,0.118384176497499
7,0.118432210877926
8,0.116335571305835
